{
  "COMMAND" : "aupp-hroradb-f9exx1_SRCFG",
  "DETAILS" : {
    "DATABASE" : {
      "C121_iad37w" : {
        "INSTANCE" : {
          "C1211" : {
            "INSTANCE_HOSTNAME" : "aupp-hroradb-f9exx1"
          },
          "C1212" : {
            "INSTANCE_HOSTNAME" : "aupp-hroradb-f9exx2"
          }
        },
        "IN_COLLECTION" : "FALSE",
        "DB_HOME" : "/u02/app/oracle/product/12.1.0/dbhome_5"
      },
      "CDB122_iad32v" : {
        "INSTANCE" : {
          "CDB1222" : {
            "INSTANCE_HOSTNAME" : "aupp-hroradb-f9exx2"
          },
          "CDB1221" : {
            "INSTANCE_HOSTNAME" : "aupp-hroradb-f9exx1"
          }
        },
        "IN_COLLECTION" : "FALSE",
        "DB_HOME" : "/u02/app/oracle/product/12.2.0/dbhome_8"
      },
      "PRD_iad3vt" : {
        "INSTANCE" : {
          "PRD2" : {
            "INSTANCE_HOSTNAME" : "aupp-hroradb-f9exx2"
          },
          "PRD1" : {
            "INSTANCE_HOSTNAME" : "aupp-hroradb-f9exx1"
          }
        },
        "IN_COLLECTION" : "FALSE",
        "DB_HOME" : "/u02/app/oracle/product/12.1.0/dbhome_3"
      },
      "DB0713_iad2c2" : {
        "INSTANCE" : {
          "DB07131" : {
            "INSTANCE_HOSTNAME" : "aupp-hroradb-f9exx1"
          },
          "DB07132" : {
            "INSTANCE_HOSTNAME" : "aupp-hroradb-f9exx2"
          }
        },
        "IN_COLLECTION" : "FALSE",
        "DB_HOME" : "/u02/app/oracle/product/12.1.0/dbhome_2"
      },
      "CDB18_iad38z" : {
        "INSTANCE" : {
          "CDB181" : {
            "INSTANCE_HOSTNAME" : "aupp-hroradb-f9exx1"
          },
          "CDB182" : {
            "INSTANCE_HOSTNAME" : "aupp-hroradb-f9exx2"
          }
        },
        "IN_COLLECTION" : "FALSE",
        "DB_HOME" : "/u02/app/oracle/product/18.0.0.0/dbhome_6"
      },
      "dbaqa_iad3vc" : {
        "INSTANCE" : {
          "dbaqa2" : {
            "INSTANCE_HOSTNAME" : "aupp-hroradb-f9exx2"
          },
          "dbaqa1" : {
            "INSTANCE_HOSTNAME" : "aupp-hroradb-f9exx1"
          }
        },
        "IN_COLLECTION" : "FALSE",
        "DB_HOME" : "/u02/app/oracle/product/12.1.0/dbhome_4"
      }
    },
    "EXADATA_HARDWARE_VERSION" : "HVM domU",
    "CRS_ACTIVE_VERSION" : "18.0.0.0",
    "OS_PLATFORM" : "Linux",
    "EXADATA_CELL" : {
      "cell_name_unknown_1" : {
        "IN_COLLECTION" : "FALSE",
        "IP_ADDRESSES" : "192.168.136.14;192.168.136.15"
      },
      "cell_name_unknown_2" : {
        "IN_COLLECTION" : "FALSE",
        "IP_ADDRESSES" : "192.168.136.16;192.168.136.17"
      },
      "cell_name_unknown_3" : {
        "IN_COLLECTION" : "FALSE",
        "IP_ADDRESSES" : "192.168.136.18;192.168.136.19"
      }
    },
    "CRS_HOME" : "/u01/app/18.1.0.0/grid",
    "CLUSTER_NODE_COUNT" : 2,
    "OS_KERNEL" : "4.1.12-124.34.1.el7uek.x86_64",
    "EXADATA_CELL_COUNT" : 3,
    "CLUSTER_NODE_NAMES" : {
      "NODE_1" : "aupp-hroradb-f9exx1",
      "NODE_2" : "aupp-hroradb-f9exx2"
    },
    "TFA_VERSION" : 202300,
    "OS_PARAMETERS" : "file: aupp-hroradb-f9exx1_os_report",
    "EXADATA_HARDWARE_SERIAL" : "53b6232d-6716-4a12-80b3-faa2f5e27f5e",
    "EXADATA_DB_NODE_VERSION_REVISION" : " 19.2.15.0.0.200601",
    "IS_EXADATA" : "YES",
    "CLUSTER_NAME" : "cl-s2ymuyrq-103",
    "DATABASE_HOME" : "file: aupp-hroradb-f9exx1_OPATCH_DBHOMES",
    "OS_VERSION" : "Oracle Linux Server release 7.8"
  }
}
